id,gxx,gxy,gxz,gyx,gyy,gyz,gzx,gzy,gzz,k,omega,nu,Ox,Oy,Oz,tag
0,0.37296074787833317,0.32035386698906892,0.21444879793973418,-0.12074333592145084,0.10715023614528241,0.25660437489221838,-0.28298639382205476,-0.31405076495810547,-0.48011098402361552,0.0037460738007846555,191411.00948741491,2.6293491065870873e-05,0,0,0,random
1,-0.028741888461393309,0.077728235674417057,-0.028698413759978978,0.28454681648094399,-0.0029759035047312032,0.11054745271259492,-0.13171711356740895,-0.22409932376557337,0.031717791966124516,0.016613826209583293,5.5308039772933837,8.1970428905238002e-05,0,0,0,random
2,-0.37589277954936379,1.6179174551433884,-1.0378823022717316,-0.0080671616733418161,1.5931613999660794,-1.4634664631490031,1.8493264929154647,-0.85285663136827006,-1.2172686204167158,0.00065541075756513469,696.48113039327609,1.9420347253834059e-05,-6.4927370061438925,2.1633336157773302,2.5115798294331655,random
3,-0.024581617362245581,0.0005573076488124887,0.025304648172605443,-0.015906800206742459,-0.0011063754489314351,-0.0046854578405217204,-0.00092649321211472522,-0.027939065866188918,0.025687992811177021,3.67651859457884e-07,9145.1476159610684,4.6713709103730973e-05,0.70404079302111711,1.242585692605938,1.4019734015097021,random
4,-6354.5912923553215,3362.5926803417165,-9002.8682605302201,2262.5109545449586,-3866.2233187158145,8622.0908518498745,1885.5029819648553,-2618.1522606359404,10220.814611071135,8.9208653821311548e-08,17.049612859780407,4.5523501494260196e-06,0,0,0,random
5,-1.6282861839637803,5.3216674327938085,169.19295889758095,-291.52765067273111,-159.33022997117541,-264.35464160941177,649.14793855266089,263.9274262023041,160.95851615513922,0.32426148396674109,9886.8547224246995,1.8897122597331577e-05,0,0,0,random
6,-141.62786330139659,-21.566278446801654,102.1141424908392,212.18477174884561,306.72943435667327,28.037752683466898,-335.62532798207923,-65.88127802682834,-165.10157105527671,0.0024119823326315105,8.1664573134846208,3.1650380569802608e-06,0.024571009693522609,0.0038309702721946374,0.027016684247157575,random
7,-0.40261212272896479,0.0086254748417845667,0.88663292311966202,0.66744126791717207,0.74655560309881575,-0.76391883479635747,0.44919388390855142,0.36119036529395182,-0.34394348036985095,0.4177216928671702,31.717792289388886,3.5906596344498813e-06,0,0,0,random
8,2471.971050771594,2596.928459910227,2370.4310523780687,4141.8163970822652,-6695.0310138833775,-2134.9911537445109,-12209.315699315324,-960.8198343060858,4223.0599631117821,6.7337912211535311e-08,368.18751183938014,3.9245992274586374e-06,0,0,0,random
9,-8.6441974177661489,5.7656343814970246,9.5325730338831782,42.390971091794313,-18.119050877709231,17.312320654482352,-49.351740045183256,-43.709053622925538,26.763248295475378,0.0025471586839742873,33313.048979033978,1.6287227220607762e-05,0,0,0,random
10,0.5377590780526913,0.90676825839014075,-0.19574836973892942,1.0278476986799308,-3.1861036913508496,2.2455758611770342,0.33788196452136976,-2.0629538084911432,2.6483446132981583,0.0024354325188029051,14.04640256424854,2.1208526797866472e-05,1.0886627101684325,0.34398498399578969,0.57606798759762212,random
11,2362.3042178512865,-2436.0614585527169,-81.626743409150023,1598.4964782745535,1711.6576321909365,1183.6189092661346,706.55546705804966,6264.0013397833854,-4073.961850042223,1.9165317541136248e-06,48575.23798698328,1.2554440271274501e-05,0,0,0,random
12,1.8671985669331042,3.3051663882341242,-2.3977345630704017,3.5102123157659189,0.17626462536452425,-0.45467343359747736,6.7239757557222646,-1.888558596880028,-2.0434631922976285,0.020931497106641078,1.8798671096205937,7.7839516695573251e-06,-0.12664414957130382,-0.0045483792542829636,0.007790870059870416,random
13,0.034012774399767139,-0.099683758737508732,-0.2005719939393433,0.35566928418314486,0.058381301584127812,0.24013250670000791,-0.43100351696833344,0.067039784561262916,-0.092394075983894958,0.053139798030651691,379.359726730793,4.3997897190557401e-06,3.817407819060612,-9.3065375401196135,15.11089273208813,random
14,-0.99898723294945924,-0.10623179474936953,-1.4248450998571764,-2.3211350801132595,-0.80635517496226938,-2.0733880820926576,3.995533596476224,1.7679051700655,1.8053424079117288,0.34574272901305908,5.2387909896467963,5.9459182593972826e-06,0.068446004987417333,0.086636153226703969,0.0043246120554523591,random
15,-14.965998512314723,49.622057656416459,6.353024935521705,11.444483658600625,-14.554175801739863,77.653031409181551,1.1894829734770838,4.0750826715472215,29.520174314054593,0.2249167347104854,46.860684363903637,2.3001599166672818e-06,0,0,0,random
16,17.150944855213677,-176.05212454562286,-266.79401560578054,219.8952224496413,-20.593594111903634,115.70269328134613,61.748949404336251,-93.288794960918167,3.4426492566899523,0.00025242178530042897,746809.15233705763,6.7025644596303569e-05,0,0,0,random
17,-0.030207373769992552,0.001853514317845067,0.064473252963408889,-0.075033417568429017,0.037862096633229911,0.17131302487999867,0.047450931308563198,0.047992987936424418,-0.0076547228632373454,5.7487643400619282e-07,6409.6908976622753,2.6963491909782018e-06,0,0,0,random
18,-1618.0705610076777,887.58704512622148,568.61998357153823,-126.82638363830947,474.59190216375237,795.76949242420358,1332.5927267971012,-356.67210214221814,1143.4786588439254,7.8460151819363821e-06,34.675865118284477,1.7329980083213767e-06,0.0071744861066482023,-0.0025921285112377778,-0.0033636479271022795,random
19,0.047427116538793904,-0.017334866431474312,-0.0044605908765179567,-0.022343896984565396,-0.0099898673782253724,0.020783765150456057,0.0097595526128120853,-0.023190480532909799,-0.03743724916056853,2.6131770552849254e-05,131.95597734423924,1.2008511132485006e-06,-7.563416619391063,-2.3042477484724535,4.3874684516669813,random
20,-25.768331267650812,7.5885991190536242,-81.874621958794336,-110.16030447367997,41.927622669129917,111.03006823546562,166.23583766737806,211.72991780042562,-16.159291401479102,7.3434870438540207e-07,41659.734202353822,3.503672112984905e-06,0,0,0,random
21,-117.50249370672591,65.86469253348416,-247.48653603940767,-9.3354934876328262,-64.48540980041588,-176.03103125879159,-294.60658013599573,127.51503798836633,181.98790350714174,5.6859960966301798e-05,277081.34820246213,1.6875135789379144e-05,2.8475004408940903,-4.7741931226356913,-9.7093705074676819,random
22,-0.64669798514064358,0.95371617769521688,0.3503187398701969,-0.64637941851947611,0.61155606231650661,-0.12379524471766826,0.0012115477321587085,-0.54299703493530049,0.035141922824136973,1.6899069591086544e-07,1.0730870642482615,6.0476768998912659e-05,0,0,0,random
23,-0.12763839865494117,-0.84753880600151188,-0.11346291910611866,-0.69775825763140187,-0.32766853817587188,0.18119732638338421,0.50791179796045394,0.071399153796265352,0.45530693683081302,2.3808682360573716e-06,48719.422196503678,1.4819188547530806e-06,0,0,0,random
24,0.0059249532622561163,0.032205711676998094,0.014070010522547962,-0.003794166827407719,-0.005563463316478192,0.010072952913042296,0.00084283776962202944,0.014547498793523133,-0.00036148994577792082,0.00014267270828736758,105365.34463981264,7.0432123062158944e-06,0,0,0,random
25,21.33430463989167,46.051627084161836,73.070995522079244,-18.000909662912825,-23.835666827223996,35.249992863263181,23.496134738435661,11.507607359000017,2.5013621873323268,0.00035983142087546644,382940.19219920464,4.5212327828624859e-06,0,0,0,random
26,0.0095389331727400162,0.02638695400116655,-0.041512361293192516,0.014738312048114025,0.0071754614934237855,0.0049848060361144938,-0.0039907131548273626,-0.051237341421570368,-0.016714394666163805,4.1471825120494455e-07,3.6741400202192009,1.0068429748858837e-06,0,0,0,random
27,-13.829373722117527,17.550496060039148,-4.6287005876074732,15.092212876483003,-12.390547840700105,-16.733913907532607,-5.1249557099912186,28.481170537725824,26.219921562817646,3.1927850060549943e-08,104046.60625138646,8.757338760517975e-06,0,0,0,random
28,-0.077151827815144403,0.37983858723441072,0.72887881521608988,-0.1952730677764998,0.53332928114435785,-0.0032039546543604688,-0.69329488336535916,0.19610747947355739,-0.45617745332921322,0.00025484303843851614,465032.04520706704,1.3462856312908493e-06,-0.048017848054196934,0.0073118054231170555,-0.067932378669584598,random
29,0.015598617052651007,0.0090874443002151809,0.035333430336690529,-0.027071258222712034,-0.008206150946124641,-0.0077878072589430405,-0.022295184412969397,0.062871912621715292,-0.0073924661065263662,0.0073127822390181563,130.46939668898307,2.6043528609844256e-05,0,0,0,random
30,-0.33774995328629143,-2.788384751468354,-1.7393703346324085,-1.5720671495073588,0.60024611437185871,2.2942598427270373,-3.1990832533016071,-0.13860339483615536,-0.26249616108556723,0.0013783882707023836,23943.009473018472,1.0803400234407243e-05,5.8978908962403507,4.2406573548416322,2.7403329551077529,random
31,-0.016231755174317464,0.026479203331980304,0.0085726941727627022,-0.010359712596217749,-0.0027028598100398739,0.019441957470255594,0.01024347438926735,0.016923838023165348,0.018934614984357338,1.8756380756572201e-06,25.11270474921967,4.0864448415723358e-06,0,0,0,random
32,-0.0082111771639328812,0.017583789867272766,0.043816052387483581,0.18868022189419364,-0.14802325505535754,-0.16155388270070051,0.15019720724005423,0.16736797620458921,0.15623443221929037,4.5126989864235661e-08,18.158327524703324,2.2762728659692868e-06,0,0,0,random
33,16.070394381267665,2.9619319898235874,7.2132272160486499,23.339909970839237,-5.4004443525898118,-4.3437396684337983,-2.8325852182745019,0.33143716656048361,-10.669950028677855,0.0020659655623741792,854.12687287680728,3.2867109253285899e-06,0,0,0,random
34,0.2861494570385823,0.99141244357131253,-1.0779721034718748,-0.26072890720390474,-0.34533085213997183,-0.82768086471338631,-1.490925687773488,0.83762858987677535,0.059181395101389506,0.00060274755263214832,119182.87460794886,4.2764186176769118e-06,0,0,0,random
35,-53.656923674034644,-1.3694696231712904,-71.434430063959994,-94.785951766349612,-34.317423512157745,-41.708998233934594,-68.730612560441813,-61.185234163171927,87.974347186192418,7.6225702058753304e-08,2063.7825786166868,2.0090792427024476e-05,0,0,0,random
36,-2.4155988093086895,4.0237548558861969,-6.1505805501521671,1.993830088406424,-0.80306666391593795,2.7397243694907063,-1.2962982964379304,2.2488966381777469,3.2186654732246276,0.00027442446859391665,61.009029591810595,6.9845748048862884e-06,0,0,0,random
37,233.49125986709987,28.612743878920831,-105.57291152990365,90.848116368459031,-29.276659598964173,80.965722107060174,-59.884096709555891,-114.05710167219469,-204.21460026813571,0.069221409897830946,54528.044877301021,4.9696163699372108e-06,0,0,0,random
38,-175.90925242296584,-239.27568309186088,4.3413655146212413,103.85439911747886,283.73642436211821,384.96400078838548,63.907346742745894,-44.044501755853396,-107.82717193915238,0.23799210097899423,634001.92503650114,1.2643458699510672e-06,0,0,0,random
39,-0.1569866954008502,-0.0078703395419510418,0.3814842366452631,0.041797868802386673,0.010995820333648975,0.21293034651386969,0.33903460223545184,-0.28923069865005641,0.14599087506720124,4.3276043728498176e-07,23.364644125845455,1.0503925366246533e-06,3.3980371011785988,-1.9341229755361504,-0.25015933261962414,random
40,-9.7988218943396692,-9.648071667272756,15.132672715530848,-9.1096368398940175,10.635826943630962,-11.100585589070446,12.083360969959159,5.2090677898030471,-0.83700504929128883,3.0225653955959969e-08,91.059385533338983,4.4673576268336446e-05,0,0,0,random
41,-89.152521649776645,1041.9322639226666,-3205.9991573092984,3937.9695952310358,2784.2142104763416,-1248.0346327674558,-1184.8155135342774,-6651.8469601391598,-2695.0616888265645,2.9404408063796822e-08,22087.840665126463,1.0301440054364551e-06,0,0,0,random
42,-0.041320371060371459,-0.13691597054601318,-0.06698898497995974,-0.021490381956444506,0.09332098174345653,0.11496079427928903,-0.40247148972436542,-0.2174084393703436,-0.052000610683085084,4.5293123349286294e-06,14672.111140591593,6.9843046438076343e-06,0,0,0,random
43,-2.8247996033527043,2.2989316158195727,-3.4952193659565216,0.9385748647368195,0.13106746717309453,-1.4559077161612082,2.7921685148872535,2.886640727064794,2.69373213617961,0.34214103651071315,4324.8133529801689,1.0772516071982287e-05,0,0,0,random
44,-1.0889705719683271,0.059155467439462497,0.10396351360378009,1.6349150543973134,0.49533654515690334,-0.82458518385738677,0.59989992434347084,0.23903750559949632,0.59363402681142396,2.1223520065139807e-05,348300.33912906604,1.6296130696435285e-06,0.94244068504381973,0.32406401228086906,-1.3235497512088275,random
45,-0.056727695667858812,0.067200514579011411,0.071994742379053067,-0.021010520580776564,0.0099662694017144324,0.16778659705298904,-0.10687497223814306,0.027881412432376844,0.046761426266144372,0.000236696146531712,5.476718778133276,2.8141951150247984e-06,0,0,0,random
46,0.15363838148657216,0.12324241892863147,-0.16292293613350586,-0.021635197291613645,-0.098364266154401719,-0.069262328248873781,-0.054099652814146054,0.098059306554554859,-0.055274115332170422,0.0087838903379677553,11.824794711506943,3.9297540409546627e-05,0,0,0,random
47,-0.10176904263392506,-1.3115365602318958,-0.93824566543978083,-0.42507218649896322,0.21837268274848798,1.1718201635661758,1.4600035134927747,1.4839826984118927,-0.11660364011456292,4.1128780628445192e-06,50.808181174302185,4.7810074557184914e-05,0,0,0,random
48,4549.4995345159214,-7884.2551745353639,-6450.3454533700396,-3669.2319314435927,-3947.5322982669236,4672.8065543045368,-921.30000672279948,-1186.0688871383536,-601.96723624899778,6.850858425600417e-06,3066.330670192664,5.9966736536938659e-05,0,0,0,random
49,12.99691895060657,13.363485863410249,21.729690870340018,-18.755054196697717,11.660037991235784,8.7845060392244498,20.09949075630551,14.462946850048457,-24.656956941842356,7.1964597883152171e-05,2.865142798364849,5.0534017125077914e-05,0,0,0,random
50,-0.29344657738890434,-0.12327274290399347,0.064711588124867964,0.26661643779282757,0.21336163156049986,0.080571148431298908,-0.16925278462529475,-0.29142607575833795,0.080084945828404419,0.020394433838480636,3628.7434059291741,1.8826539152708597e-06,0,0,0,random
51,70.573945149147136,36.659541308727732,-291.27805441049111,-384.00451815647904,100.88013810940643,-222.66964813267617,-129.07399659868031,112.61794205402343,-171.45408325855351,3.8313162446635547e-06,64.972179626851201,3.8984716205521476e-05,0,0,0,random
52,-0.049420084707275214,-0.15642680329291253,-0.20779746623814518,-0.12343309815036184,-0.070453118580137947,-0.067539297784830143,0.091244331410389165,0.048217782461022707,0.11987320328741317,0.00078199692231183668,3.3276733067193738,1.890910383143307e-05,0,0,0,random
53,-0.41515666480540481,-2.1925812473251143,0.4620921474524412,0.39440963716741551,-0.21937145810965092,-0.5543304757984836,0.80287089567812731,0.36291985357359158,0.63452812291505567,2.4927076070242205e-08,16546.165887464933,4.4324796768156435e-05,0.012767518209860027,0.02729716835479044,0.070638154139273143,random
54,-1.8824646018054909,-0.74905735698348719,0.12196849706987903,0.56505350364768303,1.3501510010044007,-0.10579790333356014,0.51195583553275059,-0.86892559393705904,0.53231360080109014,0.029859211208696643,140647.58676120266,4.8181976894222386e-06,-0.0020696644542757925,0.00048603622936904933,-0.024093186716850918,random
55,0.016630359632699321,-0.035309258463044259,-0.012747519985328018,-0.038714963576249137,-0.014931506823859065,-0.013919241789653191,0.035930035873851483,-0.030310129730957706,-0.0016988528088402576,3.7619472277525539e-05,74.750280999062113,7.4645168594664565e-06,0,0,0,random
56,15.599709607952224,43.28305247767252,9.9345479710143501,-76.243461539798318,44.38045191407285,43.342935584592105,23.875473753453672,-22.567324221834244,-59.980161522025057,0.0033106657702324685,194147.10589270809,1.4052011633877492e-06,0,0,0,random
57,-0.016221074348558698,-0.066208460136208167,0.21681190805269557,-0.09111645933187798,0.12983887150408063,-0.21580016199976834,-0.35233792601640468,-0.34203688652207476,-0.11361779715552195,0.7190426947679992,146.87533863737298,7.6533320769460019e-05,-5.7420350054726148,-0.77017218305284596,-8.5220881043147614,random
58,2.3851460464522409,-0.43381314393718623,-1.3860350344637939,-1.9882035737302461,-1.215185702760559,3.3235193431526908,-3.1118072998638895,1.3404456115332872,-1.1699603436916814,1.0891957608543636e-07,4095.0716042551885,1.1499782868544598e-05,0.0241604314434203,0.026799514223399146,0.029303610156647727,random
59,-180.25337249944221,-772.97986832164622,-363.84195079935239,-137.51769678854612,-1.863501667101886,45.542159659906659,816.01962988938294,50.339242228851774,182.11687416654411,0.00013034332073297528,135842.92087038531,3.6508357600673581e-06,0,0,0,random
60,-1.0647988102145649,0.31023449790866559,0.36006526289339402,0.37453407983095621,0.84678950887676752,0.53772218049532972,-0.33203412351096373,0.79724794772701302,0.2180093013377975,9.7339197533246986e-05,4.3454726909489221,1.9304399133744414e-05,0,0,0,random
61,0.45869538132171073,10.550481640977406,14.747179335886431,6.0531517810192232,-10.482690110662665,-12.637797634694648,-9.144603387865617,33.724983461927962,10.023994729340954,7.987457186413615e-07,62.648567281767697,1.3391518923404941e-05,2.5064062692571545,1.3010936280886276,-0.11656264836240288,random
62,-1588.3769340874408,-4090.8388529915455,3776.3266609608104,-2090.4751264229881,-3650.3397172044019,-1067.9238459183955,-7039.9214242531025,-1849.9903115134673,5238.7166512918429,2.5259588626352574e-07,24.355006894806493,1.5590403282215775e-06,0,0,0,random
63,363.27780462352212,-625.26079042578579,-136.8501004673046,1139.9456913313952,213.70912806829438,1080.8832546536769,-1052.816724264598,1694.7619468478931,-576.98693269181626,0.066440823501027521,8.8409619576037564,5.5252626255318627e-06,-0.0016972971695429057,0.11727430899101925,-0.012797102817162344,random
64,-68.349322797165414,39.340689970406757,-12.848385912602808,-137.98313196912798,145.02158500838806,66.481836934273645,77.976665538321399,-95.178420136572328,-76.67226221122263,0.77686855057214455,550239.91216375784,8.429863258686487e-06,0.095363521501717022,0.12902510585128235,0.37458094023079902,random
65,-404.45567549495649,3048.2297053252732,11.288515813204439,-15.676376991102941,164.36264803069784,873.99015653092079,-415.35312553961643,-1590.2930993009716,240.09302746425871,6.3669925439156417e-06,128.0474654754633,7.2360019519000121e-06,-2.1679370722361688,1.0950143746806356,-1.0894953326926813,random
66,-0.01125470444607748,0.009318112622470516,0.0039330377015542308,-0.011414579189843491,0.010520764679277313,0.0016066065991363154,-0.024952313382011756,-0.014603225315967052,0.00073393976680016619,0.52216936217180954,452454.28598779009,1.9976798259070373e-05,0,0,0,random
67,0.25344044287767331,0.7061268021531768,-1.0378072959474138,-0.36476306740873343,0.012363969795919472,-0.16746435242505353,0.28103857284408479,-0.93049115255564085,-0.26580441267359267,9.326032520642315e-05,1221.6576808223838,1.0210697207216482e-05,0.11446969868745534,1.0194231045887521,0.00070408527172132775,random
68,0.027134713560554219,-0.033538436971290157,0.028064527023629965,-0.0066144929080521339,-0.028851331922937588,0.009123308194044907,0.048798253099783188,0.0072074349075539838,0.0017166183623833729,7.5365727699518868e-08,2808.5763914845229,2.9363049625085111e-05,0,0,0,random
69,-479.59118575959218,34.892047444236404,296.21357417946092,-792.56200948263063,334.28303927258628,631.4558238269309,3.6171519328815771,442.20162721478204,145.3081464870059,0.39748989124249939,3783.6134774252737,1.0047826156449953e-06,0,0,0,random
70,-7.4989141892922975,5.5856800041194949,6.1967965451510816,-13.692131195668166,8.5643682313901799,5.8407706077007751,-4.9493585002268405,-14.92202946221977,-1.0654540420978829,3.2142865392182693e-07,646.08635809532711,1.4482786198271412e-05,-0.036778371206598715,0.06662483946209552,0.12859567645229933,random
71,746.93824938759428,-1816.7231002570018,-3527.4389206420101,-1340.3591142561272,-1597.5464124881048,-117.05883047511318,-2164.7286842636704,-192.26895030604601,850.60816310051064,0.0021756919067333507,39420.145960231319,3.5838960335380142e-06,0.025941186081486718,-0.0052166871544446431,0.023316833987797735,random
72,-34.105257180739549,-14.462222435380736,7.005238557221606,-57.858370632199708,-21.273438427464491,21.173202801289282,-27.55303828262851,-19.895605429078831,55.37869560820404,0.20285769662472386,43054.316073921902,1.4970514361757457e-05,0.010124389832431236,0.027321886217857222,-0.02993042110242166,random
73,-0.068477029331035277,0.44119666123518925,2.3286712474705724,-2.2893520983186813,-1.4566126804066746,4.6763769724319637,4.8343618725611286,0.68070074630150013,1.5250897097377101,1.7236752479570704e-06,89.663040375865592,4.319450796644566e-05,0,0,0,random
74,0.035750623672282759,0.084987420770886224,-0.010136977628412263,-0.064153967368230855,-0.02143324278916765,0.089574181331286168,-0.13328376258585206,-0.029878888513194729,-0.014317380883115112,2.0307999579727695e-08,1264.3355900774175,1.9154348345789683e-05,0,0,0,random
75,19.899069318686273,9.4052682747366436,10.383775896920763,-31.875275445615127,-14.596781954003497,36.106226097164694,8.1515131788075337,14.031753499607888,-5.3022873646827753,0.00017780314308484254,186425.5365678487,9.0583731782907203e-05,0,0,0,random
76,3.7402839051132908,-16.11694254032642,-17.140608617286393,-83.694402509021174,53.40071857574415,2.4454161737154987,45.351748738469432,-22.055345867262336,-57.141002480857438,2.4853764164752327e-05,699.46857856172858,5.1804378477403629e-06,0,0,0,random
77,-334.01232520918961,-935.36846214351237,-1758.4335082912626,587.20085584256628,-1121.1884181987882,2431.7490508727901,-236.13680110779626,-1115.640009930697,1455.2007434079776,2.2002713650626438e-05,171675.659225415,1.9346418704040475e-05,0,0,0,random
78,84.336304589948639,-584.30111148869378,269.65320318866725,-124.91294135866684,140.51847075696648,530.74281097218227,28.291296950054882,106.46144820003062,-224.85477534691512,2.5227276635535642e-07,140.27785776297424,8.3079150667052167e-05,0,0,0,random
79,-6.227975896636325,-12.906927043455338,1.9975682244779269,-5.4840016711546626,3.0846841367288538,2.5540527163168618,-8.2630674328763405,0.4060841508408648,3.1432917599074717,7.1331711399780496e-06,5395.2026281454855,2.0354797975419572e-06,0,0,0,random
80,0.01424702267199552,-0.027064059687735786,-0.0035116260674689457,0.028100074442492441,-0.019368650654590858,-0.0057428510615138324,0.034130318825458549,-0.0075022436483711983,0.0051216279825953386,1.2320799434645893e-08,14483.133011955841,4.147637175439271e-06,0.61232775078351875,7.8310618345554532,1.3780498947833906,random
81,-0.0023603664079103167,-0.017720963369307171,-0.00018947319771990713,-0.0089478081838875196,0.0017906612145435945,0.014939340385255347,0.0079206661593791538,0.0038208265003486486,0.00056970519336672389,2.144862085486678e-05,916.68215698737856,2.6695595919420619e-06,0,0,0,random
82,-1.2062300134155346,-1.999881496675491,-3.9754641606578525,-3.5047419958665018,1.8385766996043704,2.2204373121043983,-1.1099082812652372,1.159359441250859,-0.63234668618883627,0.021116452178387719,1.6803164403259843,2.1444561928895374e-06,0,0,0,random
83,1223.5585690600601,-79.60214274274928,-336.26458188996497,-46.063099422473684,-825.74679263119742,185.36073382385362,-905.54823570894087,230.41425907686553,-397.81177642886274,7.8759289636001783e-06,7538.2801589804212,3.3713924001389443e-06,0.83619477372916129,0.30869960354674059,0.14659184307876816,random
84,0.04094450975435017,0.074830941910423165,-0.080199634519230845,-0.020059194939908022,-0.016671588168821291,-0.014586405184914629,0.12854350254003299,0.00090345790861601899,-0.024272921585528868,1.8192069703683676e-08,1055.8074195786808,4.282451504428929e-05,0,0,0,random
85,-2288.284142136522,666.67000798717947,921.7264876338055,-1242.4590916342302,1810.9779857655535,-2295.2518237572008,382.66192677748438,2715.6842333189284,477.30615637096821,0.00026773497217957241,484.78600980844607,6.8806885391238981e-05,0.014600479229577162,-0.037320559457174489,0.018405480266270792,random
86,-0.015757404778435125,1.8622296623436774,-0.0475571149574203,0.6769662511442649,-4.2791997570058378,0.84759214789880433,3.449511393359193,0.49823502557282956,4.2949571617842732,4.2789096743866608e-08,47536.493011046747,1.6752091915929399e-06,-0.0053337572444812874,0.015144049845768942,-0.044005487600189429,random
87,0.0385788316107019,0.16341946493898862,0.078285239174059537,-0.39767241091528988,-0.048749795830130713,-0.36285554258458458,0.22476411703169896,-0.15722941430283321,0.010170964219428799,0.00044457639730027939,399009.68988738506,1.522968727049209e-06,0.050498826850827808,0.060676682861608738,0.027980559871662133,random
88,0.2347936563415487,0.5083684172477887,2.9839124937205619,-2.4423120445470099,1.1969681946980484,-0.3979606418023614,-0.26300743618402878,2.1983559427718222,-1.4317618510395973,0.53254178842437538,142992.50643043482,4.8522401660584093e-05,0,0,0,random
89,101.69778245008112,467.96610322560792,-769.15354477134622,497.50483876199667,-175.2072829164531,408.86559840351629,417.73281107713615,-135.68029221112604,73.509500466371975,1.3051508816392122e-05,72.78331358355959,2.6643116577121339e-06,0,0,0,random
90,2.6522376367987475,-37.770876773821357,-59.089356412827136,-1.1424261127640725,-30.322825020646832,-3.390280475492895,45.704029732986655,-50.115263893725626,27.670587383848087,0.021127269039662305,3960.5542429723755,5.3055098014906232e-06,0,0,0,random
91,37.620194940396281,43.421833422285957,-9.5047509746764796,-1.2199635297989329,-19.832498385957933,75.120384756476099,13.061968115775718,-79.186480438781047,-17.787696554438348,0.001081354995685605,40803.144540432295,1.7879518389080932e-05,0,0,0,random
92,-321.67258812935199,184.00743244899172,141.06324754768693,-213.37848988494773,-53.465869074312934,403.36135437177347,-7.7057342271574196,-115.64357211208595,375.13845720366487,2.582724316303934e-06,22318.690383396479,2.3958238089572082e-05,-0.14704334352478393,0.1589495395068565,0.1785259047654861,random
93,41.884158863859284,45.522097298480617,72.810379232435224,84.750195721699924,-54.836636268060388,20.730702854713854,19.584650305195503,14.053365453174754,12.952477404201097,0.0011577769492814246,4806.6093717208878,1.6947188843905881e-05,0,0,0,random
94,217.06810867871906,-593.79903623076382,107.79778748075582,726.88514120168315,257.00633464123092,-376.38766566184381,201.45219799144752,-257.24850763001825,-474.07444331995009,0.0011465677175782573,943365.52644697938,1.3980339699568327e-05,0.0075196092135229632,0.0043109988779462217,-0.0047409777553500451,random
95,-0.44363361439224142,-1.9832853222362672,-2.7560327514809586,4.4760298587611045,-6.4007761606255764,2.1383977327238854,2.3324560025400034,3.5017572747748775,6.8444097750178168,4.0928218311268035e-05,2151.218109615485,1.1201516523993024e-05,1.7925677317576696,-4.3522488092814715,-0.21160986777346935,random
96,111.36861476674544,52.33675006731729,-192.45315185463204,-43.785539572387094,-26.448323704228699,-75.600933133513507,69.046439187362566,141.30552798169714,-84.920291062516739,7.5239973372484672e-07,96944.608686941239,7.4622670034227918e-06,0,0,0,random
97,-0.38376434561183259,-0.17360644322421001,1.30505139636981,-1.0993291484133645,0.53296510501885053,0.96014940595040699,-0.83440004723955785,0.013633914007624263,-0.14920075940701794,0.43565637707361843,37.381528361946629,1.2923799116856772e-06,0,0,0,random
98,87.159732304267351,-73.284821240241484,-24.522811111007261,-298.02947983258883,-36.007042655231444,-78.005363770607417,4.6390342913935436,-41.465524362848534,-51.152689649035906,3.9620660673895413e-07,79671.82117389128,4.5288541924952854e-06,0,0,0,random
99,-0.66964859360691653,-0.41353215882514838,-13.656533611941448,6.3629727377861371,7.4679377510854437,1.7754257356765482,-5.0720033181898669,-12.282498129103139,-6.7982891574785267,0.00018694074142516502,1.6792753646203074,1.762546313860846e-06,0,0,0,random
100,677.4983006324353,1297.3859910841657,8323.8071918028545,3261.2040360101628,1100.855719047614,4387.4836570054531,-3683.9948608129926,3252.7734784631934,-1778.3540196800495,0.018756474460130845,2418.2254018187264,1.6952883470058805e-05,0,0,0,random
101,0.1861795103021231,2.74760959133702,-2.3510020800510394,-1.6712766521505924,1.9553720361978897,-0.14995106101820196,3.7766387041203529,-1.0078120167352023,-2.141551546500013,0.00033111918304295091,420.13072965265383,1.1970992636258806e-05,0,0,0,random
102,2.9725907987203013,6.1860119348748936,-3.9808734319161512,7.1680985552262939,-9.7272468647693007,9.3811983151133091,-15.814320890852784,5.1121768825033609,6.7546560660489989,0.045731958462823921,5.0707435177446536,2.9215904816832026e-06,0,0,0,random
103,0.09838923886710095,0.1448497301248711,-0.12317485625052979,-0.00071795774266202961,-0.20124714957908749,0.15584856064668415,-0.047136862265511004,0.04583019907847756,0.10285791071198655,3.2348384567816235e-08,23544.473531034928,1.4288460618106911e-05,-0.057484916320988351,0.095789000164237526,-0.2202588246096964,random
104,-1.4339372493439559,1.2290532984897966,0.28144631221818761,-0.53329556423748914,-0.59397341933397019,0.62540142379936459,-0.037814173772717397,0.017732042610558302,2.0279106686779262,0.069132314845342269,31725.787317359438,4.9887215486594204e-05,0,0,0,random
105,7.7144822640433519,3.2889398815458946,2.7014083968696645,-17.491636977450675,-13.02420530572234,2.0328732525385567,4.2143229713976478,-6.513895226049919,5.3097230416789873,1.3878538175592965e-08,729.68923243021868,7.5281937361764583e-05,0,0,0,random
106,-0.12752690776000786,-1.9146338263752318,2.0335850518717993,-0.20985125549864131,-0.43716929385303027,-0.073010652030739018,1.899804386359796,1.6504523016735824,0.56469620161303802,0.57582830254501349,159866.41200923489,1.3775307884773308e-06,-0.27466639947872767,0.071544454642015171,-0.10140163216627653,random
107,337.23450172368894,762.7133004200881,1760.9946713195889,-1927.1320365878641,-594.80176235975364,905.77492100583083,-3093.6981546117891,-326.35673312936217,257.56726063606493,3.4630096710837404e-06,130631.38512775676,1.6855667628523771e-05,0,0,0,random
108,-1.9815930466033738,3.4781499697960769,1.9218292626441114,-15.608310405524305,-6.1396596893965576,2.5748220833880091,-15.566901882105581,-6.1709576558575572,8.1212527359999314,0.01616118032195776,620.3716895304093,3.9347655182605619e-05,1.820946779335114,1.0521685497337399,-0.37208290308618391,random
109,0.016776014268094455,0.010849453642540171,-0.13282547318359234,-0.035947949843454667,-0.1189082471091681,-0.076088612299091862,-0.1761661668357288,-0.10859268814736686,0.10213223284107369,1.7376021767619578e-05,207547.67783791691,2.0642424514816479e-06,0,0,0,random
110,0.48784892537696561,-0.22981972612094689,0.077240322098657249,0.073203795854576439,-0.44590497790479722,0.23801405779654608,-0.21161245456548641,-0.38652630140313887,-0.041943947472168411,0.14187888147566932,34.152010504576445,4.1117272327837728e-06,0.44535412437094557,-2.0704110882162556,2.9905499555879591,random
111,3371.4073589807131,12469.373750215704,5828.1945182126155,3400.0982847346459,-8258.967079492053,-1348.0043229354635,-2621.7141279076941,-1122.4534181379186,4887.559720511339,1.3177711956635054e-07,1368.0221041675024,7.1653290392720626e-06,-0.073484683785288177,0.096019657416584137,-0.099629721710964819,random
112,-0.012493575526243837,-0.04108808134529409,-0.037941312967921172,-0.060462712482829008,-0.028933835338188208,0.029633076283046244,0.099899663517708237,0.023277281994977958,0.041427410864432045,0.0010676819334925508,26630.262708637121,6.397648592142435e-06,0,0,0,random
113,-1018.7898108898545,-5007.9518230630583,373.87911142903744,-312.80816272965927,-1749.9241839752974,-481.14586112963281,-3577.559958006319,1027.7252437803982,2768.713994865152,0.0050060412522661265,16.993613566921098,8.2847258010445787e-05,0,0,0,random
114,-22.055653006636167,26.685664642437455,-25.20044733092254,0.53373805258656715,32.083358292543181,8.2411188556051354,0.039585571642008231,-22.513269047062359,-10.027705285907018,0.0039586001236972656,49578.493006529301,1.783802587886987e-06,0,0,0,random
115,-0.11754114780753941,-0.36223314493817538,-0.23001591336949551,0.045062373892737859,0.15739353274466764,0.021242633350299533,0.13101712947478208,-0.028090208837683043,-0.039852384937128227,0.046999092552047698,3516.781393272498,2.7643556759310247e-06,0,0,0,random
116,0.003900103691036709,0.0024249381388618428,-0.0057400605040269078,-0.022772014202075849,0.0027352174759856969,-0.015475382275207346,0.0031853045279507182,0.0027138825111588561,-0.0066353211670224094,1.4784411423324738e-05,1135.5393727990931,1.3211754823499228e-05,0,0,0,random
117,32.343679769490045,74.521268180911122,21.62337960310516,131.14500993550411,-4.7396763196393898,-87.797915472984599,4.5439324357209925,9.2970059220527475,-27.604003449850655,4.7617858531980033e-08,399751.29353444849,1.6672968732017822e-06,-1.9355915578341181,-8.2750513130625833,6.6962662688132406,random
118,0.00036905788280405805,-0.023707687722871504,-0.55016070693856212,0.20837986884993703,0.24578416857542812,-0.48299410935195713,0.26416468689030387,0.0081840072699824289,-0.24615322645823223,0.0034539572825988359,1379.7017372050159,1.592670028201628e-05,0,0,0,random
119,0.0038316830032654008,-0.035243911561687491,0.050220629892727679,-0.030391510485562656,-0.01403608207788477,-0.029591866999837256,0.011385723251325182,-0.0026824010914269611,0.01020439907461938,0.019378947897622262,7.747846542710807,7.4693980848716717e-06,1.0121874797453494,0.4787503899770279,-1.426000638842376,random
120,-10.677923126992901,-11.459058359468196,22.972483055318992,33.55367409511522,7.8666976356354654,69.45043687549591,-80.191931837834176,-25.931677261681749,2.811225491357435,0.14601401790046453,57.306616069397968,9.3462560366199569e-06,0,0,0,random
121,-37.380116714813077,-0.87667508308205877,-13.117139092363555,-3.2178337255088549,-3.3200779639204887,-15.496420669031503,1.4986607242397678,-9.6286932477030636,40.700194678733574,1.7403217974722157e-07,419193.10268133826,4.021206968294814e-05,0,0,0,random
122,-22.899811321153358,5.7008536084536621,-0.8963970486314573,9.5772292385653692,-10.138680543408432,27.275588294328511,-15.263653667245531,-38.961445221951124,33.038491864561792,9.8231721021805801e-08,150.7934653717015,4.782553121166348e-05,0,0,0,random
123,0.0066258663149684205,0.18502786671001042,-0.59225237653451868,-0.54748920509104626,0.13663320254095707,-0.068349222032084642,-0.38102182569331183,-0.27300676003129964,-0.14325906885592554,1.0490623668441617e-08,190214.70166436065,5.2767781334012668e-06,-0.035976436467306055,0.041264281816124695,-0.064345421043703138,random
124,-4281.967965094289,1173.6633620348196,2795.1257041059375,2137.7086559790914,1592.6417549239359,408.99150205348423,2757.4562628399017,-793.3536618023976,2689.3262101703531,3.2266158186804897e-07,10198.90351635232,9.6222918245507037e-06,-19.077786298120248,1.3055686904282582,-20.868440371042318,random
125,0.0045452614437845413,-0.023238387830493937,0.0010822927561162951,-0.030472706869507711,0.015053815043530396,-0.039240637663702026,0.080020911661855834,-0.051612176963901885,-0.019599076487314938,0.00076359178478149249,24.467478275392356,3.1104789983006669e-05,0,0,0,random
126,3.4354034907138766,0.89917278085646202,-0.21374531544363137,-3.5799288290074514,-5.6345346031361112,-0.87897729185018891,-3.8906952350324842,1.1795517507886781,2.1991311124222341,0.0064228339488447174,109.580035835014,1.5484952499631986e-05,0,0,0,random
127,-0.049705824940925569,-0.013644912297764699,-0.045864753606311641,0.0081409851384287458,0.062612648794816456,-0.019795481332779283,0.035518803427461075,-0.01339641541326474,-0.012906823853890883,0.77237843444505805,92354.076220956355,5.3082843945383552e-05,0,0,0,random
128,0.30068811598669443,0.70961558797538393,1.105828601758255,-0.27597251082168278,0.53336160461483662,-1.4435689629783801,-1.4804967031247704,0.095180252778983426,-0.83404972060153115,4.5010776503188827e-05,1372.7851252100622,6.8359356301627702e-05,0,0,0,random
129,0.40420821457736755,-0.23917746643525156,0.90844817080611229,1.6284533988601269,0.1818184226154991,0.050175326849176256,-0.084201203521574244,-0.89982281649971851,-0.58602663719286652,1.8280141643383014e-06,306594.84451368882,4.7578528397330294e-06,0.42519348227012693,-0.53677133649361464,0.037009015119247521,random
130,-4.5809759669089463,-0.91826577338530124,3.3257198955910408,-0.60495698864145753,6.2926804634631868,-1.1282785457075686,2.9403728300454559,1.7396227512294231,-1.7117044965542383,0.51292776318097999,5596.0493025662163,1.2095190880570981e-06,0,0,0,random
131,3377.5791235001625,-2205.6004002325217,877.8366508393093,2696.1385769171557,4012.0602980260255,8910.2786221381248,5736.495184375819,1870.2902681099868,-7389.639421526188,1.8253967864915363e-06,282665.62973830604,2.8898459060253243e-06,0.010631395734350154,-0.53247911503567358,-0.17786491215713443,random
132,-6839.2331742489105,-3559.7271009765732,-8884.7903216986051,559.83754571175223,3781.8388521961278,1250.4096658397491,-2855.82084334004,8973.9215312437937,3057.3943220527822,0.0013685404107288952,9673.8286533705723,9.6878579601767287e-05,0,0,0,random
133,-0.052246711783456842,-0.036339398626494011,0.077105493579840201,0.054327501940372613,0.076064416107904292,-0.080024214566097193,0.082512245508592957,-0.1844107721189569,-0.02381770432444745,3.270575638796131e-08,17.523190199865539,2.7965466061378344e-06,0,0,0,random
134,0.73396932526770797,184.86038225659536,-56.755706689419469,-268.44988499219858,193.54844295231155,-23.71905904313083,-116.60872392682968,291.4201899722932,-194.28241227757928,1.0098697797342234e-05,389.1825480301473,9.6716445043745177e-06,-0.0092419282504487485,-0.031210608871666535,-0.026809844655117675,random
135,-0.056779895041840459,0.039134969165819662,-0.045355360019773527,-0.011539516105368344,0.0025855406555568734,-0.025645946038552511,0.027148133994390138,-0.030531196320961199,0.054194354386283589,0.143692918038198,578102.13577593223,7.7305455143461829e-06,0,0,0,random
136,2825.2100817395658,3846.723394156098,-2011.8578905068894,4055.0563662176805,-2972.2273999389163,-629.64390310262377,-2898.7516333584317,-5251.9697994976905,147.01731819935037,0.0039850850584646795,5.2457567173581747,5.3068034454780257e-05,0,0,0,random
137,0.087907941410847457,-0.037307114378235307,1.0774396782180697,0.13596716383958893,2.2799473555925966,-0.28328734908280462,-0.19351348265366963,1.3408208854485519,-2.3678552970034441,2.1598922196793142e-06,529.36096185573967,7.0971138778938676e-06,0,0,0,random
138,-0.0019179298201324785,-0.052921901797947361,-0.014130020679269493,0.071391338943158258,-0.016175191072390138,-0.026929978973782531,0.07130792352974083,-0.022657672135197992,0.018093120892522612,0.031302637393470285,3150.5906274274926,1.2323241163298552e-06,0,0,0,random
139,0.063832943234661363,0.14105192680807285,0.068731454647102244,0.46981617486021315,-0.34324014071907155,-0.077916976730898341,-0.63115508825254674,-0.11892973837695674,0.27940719748441023,1.0375680236822063e-08,1.9988561717714122,1.4591653470451152e-06,0,0,0,random
140,427.44330494913311,-181.29101724027274,660.6730798573019,-2030.9983525864563,341.85447539994368,-14.502090907710235,712.09066910085801,-580.00735826749087,-769.2977803490769,1.6017553714885239e-05,276181.08134848077,9.134529725318863e-05,0,0,0,random
141,0.21747050051754091,-0.34645552309418209,0.21677572285604713,-0.11569509857935198,-0.69235236814116285,0.098331453411328332,0.89341720826637883,-0.1656325414848433,0.474881867623622,1.3839061247472666e-06,37810.721260614067,4.7755756735939876e-06,-0.42370412387953837,-0.37065109303181099,0.26456917689299708,random
142,-0.020228239910189509,-0.015473380336796684,0.0085784767832249777,0.025602454339389111,0.017117466950864253,0.022416714468765225,0.018420080119828385,-0.014639167544846076,0.0031107729593252594,0.054595891975389013,520.94916776847697,2.8337291888955514e-05,0,0,0,random
143,109.83837346658858,214.85503911905064,-124.06086976092027,-0.9341240155544307,-174.2595229537439,-77.039242339205458,10.039926890571268,-248.96977385939243,64.421149487155319,0.00083774086980571694,13.662499651634297,1.4588828310894519e-05,0,0,0,random
144,-0.51878553792135174,0.73680574666966081,0.19592480705668483,0.031252767093085686,0.4759327147149377,0.43477603994252068,0.17363077526353698,0.25087557998514953,0.042852823206414092,0.0016825690395988798,72.888851877643148,2.6665499441131654e-06,0,0,0,random
145,76.036169545719474,-140.09037118416597,-109.8733521325494,5.3001675875069507,-73.293321294595472,244.2677448703156,52.101305517095767,179.12618851754078,-2.7428482511239736,1.2457657580981137e-07,2718.5907333040741,3.0939422153641904e-06,0.56333654945780576,0.13436691965419303,-0.10454694264411067,random
146,202.40001053192907,184.6471597955252,-20.373153810011495,380.46848071100732,229.53498524584913,-9.0534577196453423,-10.510294514742466,-311.53149033553007,-431.93499577777823,1.9824479739504647e-06,2177.0273279038565,4.0255979219998713e-05,0,0,0,random
147,0.17172870311194238,-0.013437608256425506,0.22457869182912582,0.023955530698799743,-0.035928085085644497,-0.14668912303838344,0.051490847634947698,-0.43221300598224044,-0.13580061802629786,1.0814451074711922e-08,19368.740636254621,4.1593736068153079e-06,0,0,0,random
148,-30.750418203319995,-53.850797637570601,-27.032695539104203,-38.656276930234981,32.570445537980177,-73.618914861548348,-7.3814237547251587,25.760156949190115,-1.8200273346601854,2.4480289821324891e-07,31728.286165780642,7.5519330101925632e-05,-0.13413462387394778,-0.0037279035626662364,-0.035821998546721759,random
149,0.10574893437606564,0.26737214362290251,0.10305644354617645,0.16633754372230933,-0.41203854400226758,-0.10716442229866369,0.082670093652744983,0.59411365092815882,0.306289609626202,6.7025847265621611e-05,30170.339188604528,8.0814893690333531e-05,-0.0097700187093778066,0.0044434048849868752,0.023705928108325194,random
150,-139.70096342048214,-259.88078542424842,466.99761221926786,98.300795185630847,153.49069802482919,-363.70971457187568,150.46960665513103,160.86741348066244,-13.789734604347103,6.6829981697583923e-07,83256.838956240244,7.6115996854029824e-06,0.058680738512265886,0.02877390048914464,0.05589512660272291,random
151,-0.18549457622538706,0.029053749381876118,-0.23451220560115796,-0.26883328948703056,0.02193118584137474,-0.050163141071516336,-0.18725613667323995,-0.17255725949588191,0.16356339038401232,0.00019733885730406281,3.8239423190599799,1.5808876833579196e-05,-6.6650506566573524,-10.78283437137166,-10.443341974960781,random
152,-12.732126658917741,1.1124905809815595,-0.68283467894808936,5.4955511397410728,2.5368618005482584,-4.0909481408253647,-14.432548744157558,8.391819044073392,10.195264858369482,0.61395908827777956,659314.53260187397,1.5711876091540581e-05,-0.25871540317792857,0.20249980536009232,-0.38201766432317835,random
153,98.572862221717429,420.39360661336372,302.86388590285736,539.1915599974725,-169.27911155047752,-289.69984297796208,-91.382241327541777,351.8599132786569,70.706249328760066,0.0013010211041488292,4.3047271376995626,1.4553738222609976e-05,0,0,0,random
154,23.782530308348576,21.721367386042189,-16.706093070996666,15.842068701284791,-1.9053302524572704,-9.1684990956467622,4.5790455496997673,-37.562051588298317,-21.877200055891308,1.946143894429201e-06,7742.8663646395216,4.2965875120363219e-05,0,0,0,random
155,-1.8321452776974094,-4.4152705823996001,0.92096625891645434,-0.20640084319143512,0.6752780252132986,2.4734244705948383,5.5911270847666907,7.6435892926630009,1.1568672524841115,2.0890974612847645e-06,9281.2347912314781,7.7856017949444273e-06,0,0,0,random
156,-0.099664910701138323,0.3531888715966236,-0.15495571621238655,-0.064533320219771886,0.0095256034982487969,0.41290245790181884,0.16443266222326594,0.21953723314824222,0.090139307202889485,0.0043045735279832794,345.40838665527571,7.6712380761968782e-05,0,0,0,random
157,15.979420325160024,-17.857365897572624,22.664844613391679,5.7761913340241087,3.6447987496893894,32.54957266686165,-8.1366618587654198,-4.8315270021963359,-19.624219074849407,2.2809247849093536e-07,94.447206522735414,1.5514907691875483e-05,0,0,0,random
158,1.7234697426576817,-1.9446126330458178,-13.257119006674566,3.1185391462641223,-4.2822552975539692,1.9764935524994891,-3.8181599127148602,-14.637113578245028,2.5587855548962883,9.4760513134515737e-07,235.14050417856663,3.5661302769264052e-06,0,0,0,random
159,-12.693684723955911,25.519102003853323,11.109146318584862,-1.9721842824281548,16.159440049211167,-7.854265816170706,-22.766892332025719,12.416850241905731,-3.4657553252552562,1.1351745932510945e-07,10376.929885375199,7.3535277394256636e-06,0,0,0,random
160,-191.29007912363585,993.67864928399899,366.38853494630632,-1035.0930601194834,-261.36896101272328,503.90165432609194,-208.73512261237289,379.01632054299574,452.65904013635912,0.00036269905068958319,459451.92455625843,1.1346240053646611e-05,0.22428562640899607,0.093294011736858751,-0.15883474808179274,random
161,-0.89989838940557598,0.22801685711543915,0.6836472463702653,-1.072098224132306,0.18823176243376422,1.9824010252037245,-1.8283049460997225,-0.54518357517229199,0.71166662697181171,3.9770650261460419e-07,12870.435519313867,1.1350693144029288e-05,0,0,0,random
162,-700.05581225124911,844.01246713482465,-252.51775314960068,71.282722001753172,378.61541217837163,450.85542446611976,-722.33089748321936,-566.1276089879002,321.44040007287754,3.8070495908149831e-05,230.06780595249623,2.4625492291132794e-05,0,0,0,random
163,0.55280014252580856,0.26309890043360895,0.59554611771909749,0.40507113024612901,-0.2748309741677496,0.030638746529915634,-0.36698336323202807,-0.092022058474918456,-0.27796916835805896,0.024080335404116335,54.005539839906561,1.3484602092212063e-06,0,0,0,random
164,39.421648082274736,31.281146215456207,-50.864101562095207,65.359519427996119,-22.816234942204638,4.0782835273054472,27.801977871212113,0.99235865460254147,-16.605413140070098,0.00027933127233701808,31.598213071869406,1.6640267243516653e-05,0,0,0,random
165,147.12784107376268,365.30105325330857,409.41518357657532,681.49761698543728,166.33384260694402,116.98304467933394,-307.38814701896121,-626.30907908127779,-313.4616836807067,0.00029350624812467718,7644.4103339602088,4.0187772340195281e-06,1.0801840046705138,-1.0782963882931014,-0.054782679712693134,random
166,-6.0351836434354791,-15.455942612227977,-3.6414615243699058,-2.2946345576280023,4.0157765980813567,3.2792572294421407,5.7790890371255612,-1.1860334772577488,2.0194070453541229,6.6067895598318161e-07,70.287408781433825,1.1010388265874327e-05,0,0,0,random
167,-1529.2877844647587,2023.9554830811694,560.10863636322142,1443.0056564653362,325.39647483693432,2695.6557262978376,-3338.3444225237968,-183.1306205362925,1203.8913096278243,3.4586956627022339e-07,51309.767484289339,2.3783460480098018e-05,1.822095598230091,10.879974453189186,-3.224055456353621,random
168,0.008901040737481658,-0.027341399791726319,-0.14585211501485412,0.047551726070720002,0.031538240447728308,-0.10513771943476993,0.1161641182078943,-0.12630056234801154,-0.040439281185209945,0.0008961330628285294,329.52063288329299,7.5271938710545566e-05,0,0,0,random
169,-1086.891295821642,-378.966778896873,-1037.3974854695746,-241.38380822694634,1331.9021948727823,-1133.7679175889671,568.10610197225344,-88.932505065884641,-245.01089905114031,8.2396345499024701e-07,1975.9719919783468,3.7531847290341014e-05,0,0,0,random
170,9.8551817339498822,-0.78113585348458592,-3.7166908812497699,-6.1026760941828462,-0.96646634394068798,-2.6791227449037436,24.773880891640989,-28.289934196904284,-8.8887153900091942,2.0843332048687029e-06,1265.9544925259838,1.661124719997672e-05,0.0058997436422967217,0.013489090585919471,-0.0097647979953498342,random
171,-3.3178288021387004,2.699133228931681,6.446243257587831,-0.3696066524661421,-1.793351690248292,4.8125660384500666,1.6377500946850962,-29.080530541269759,5.1111804923869926,4.1096360490743418e-06,245258.16636516381,7.6466993876638794e-05,0,0,0,random
172,2.5807864565633452,-55.105828779801406,44.475383014894597,38.507807409757675,21.410411482313961,7.796260758564526,85.149322284123443,-29.022389422953946,-23.991197938877278,0.00028183158545162085,31856.415418486988,2.9363991838300604e-05,0,0,0,random
173,0.04731822559726484,0.042530526923865969,0.13385433807915009,-0.1952235012578602,-0.040366948356544474,0.41864873421733029,0.085068323669853535,0.38541622380477975,-0.006951277240720366,2.412228969735514e-08,14243.607529838227,1.6100483102583965e-06,0,0,0,random
174,-876.29351490843771,2666.8590145978192,237.85716867525898,1274.2148982049207,1991.235612086273,458.25626119860789,361.7637936658013,1297.4769420171231,-1114.9420971778359,0.129733666000966,26.378190190542423,7.6758435143292831e-05,0,0,0,random
175,-0.013907815720069973,0.0055825502540196251,-0.01314093749896929,0.0002810132332184028,0.0018585854575519541,0.045814871064575172,0.0050665266584777905,0.0063999091338165911,0.012049230262518012,2.9742587276501193e-05,8.6990088382619462,2.1524361994032085e-06,0,0,0,random
176,-92.109600950487049,-27.355021565538443,48.958618357202241,-60.390710565572931,5.7359783916949567,68.500005293418567,8.714910999725932,-20.616559854323551,86.373622558792093,2.3864421777703939e-08,138.72302460245425,1.4682520393377547e-05,0,0,0,random
177,-33.68070793348852,-65.543894412736748,-8.4618341134048265,38.400881521197711,-24.644093768200985,56.816356843582412,-16.457996668522366,19.368458616331068,58.324801701689495,0.0002004015034015477,579.94630884819708,1.3716708352407625e-05,0,0,0,random
178,145.06562827104983,-1093.7453575224613,1397.0205592640393,-729.83022845225298,-707.26080764650146,-801.85322498163418,2249.1207339455782,3347.4695039531239,562.19517937545163,2.2665334990231252e-07,25314.953096064361,9.3751890980337158e-06,-5.4805725486609393,-1.1571775385887193,-1.6421529902052854,random
179,0.078596562065743031,0.059318427703961861,0.0073480610545633681,0.072738281535528596,-0.029530620616567416,0.03107584979711394,0.021499997560186179,0.023767513422389579,-0.049065941449175601,8.5146534412308615e-07,3.5851912098103456,2.2091123375763279e-06,0,0,0,random
180,-6314.3574083940202,498.47411864289217,12649.32558540533,-950.34785535256276,-122.06070356836472,-688.88436451307598,999.35688962192137,1203.6213092722955,6436.4181119623845,0.17319775384953068,109449.77979769345,3.0748262464814962e-06,0,0,0,random
181,0.00052408943676368266,-0.026674102350148676,-0.017102988996462797,0.02931743979178638,-0.028428743311369797,0.0067733175970298839,-0.016733788012048136,-0.0055931679220230703,0.027904653874606118,0.0032040503908065234,6700.2675314131166,2.9711840899280955e-06,-0.28381930710558373,-0.076247957213660317,-0.16136328941231065,random
182,1042.2414689067114,-1375.3782616081253,-2054.0865054538563,-121.12536310522039,-677.91382391181992,768.82419326342244,3341.9890809894018,-1703.9267508160117,-364.32764499489144,1.3790071609134511e-05,63179.841177547882,2.7678671130783034e-06,0,0,0,random
183,-0.031299318038932315,-0.093560626770311128,-0.10178184915853813,0.028129662133059358,0.073128351163046224,0.091930080019152205,-0.27134746638426011,0.17511412692005748,-0.041829033124113908,7.5991031841329186e-05,31262.489487266048,7.1904153231480301e-05,0,0,0,random
184,-1907.076909101145,-20477.31703208102,11697.204618356722,-7808.8650762744983,-4188.0749719952746,-3557.6603864922463,4241.4424656641568,2472.4404524925294,6095.1518810964199,0.011206775350080573,10.156016821000026,1.8417826172049532e-06,1.9225346473786016,-1.9437792881394995,0.75016299991531532,random
185,-82.093518193892606,212.44830485968166,-411.52334852327408,-405.39733261062111,359.14265846247656,-147.68221209855059,262.80055058322023,-78.954203706910633,-277.04914026858398,1.116426044846127e-07,87270.672812707548,2.7260574601639296e-06,-0.12263963731585352,0.025439590728738012,0.016721045137758021,random
186,-0.0084020803890440567,0.013752090544981809,-0.010740035226571087,-0.012559071845665442,0.024924422942509128,-0.071966879243396675,-0.083285484837267151,-0.085646770995415761,-0.016522342553465085,8.4685386246606516e-06,13270.42345498197,8.9721756773115599e-05,0.073727157306300528,0.072970551604023076,0.035423781030959785,random
187,0.025639166015489625,-0.016634029773287321,0.0058536944111695797,0.024835218374175069,-0.010730363948709052,0.0014298750899353575,0.0071052298085902237,-0.0063652632868195155,-0.014908802066780573,3.8784657277505839e-06,995.33136830091632,3.9986858369449849e-06,-0.027598562113517515,-0.052147545716493,-0.057247976689367132,random
188,7.6984741903434939,0.44382117320364817,1.0592697184287276,-2.7587192032954615,5.7967159003602102,-2.1913414474716939,1.6756686017785745,-4.8839135032517325,-13.495190090703703,8.349616082290423e-05,1.9969700044420653,2.9407040557347565e-05,0,0,0,random
189,2072.584480331795,-1449.8310222574919,-1624.9267139983551,-192.80407690092827,-3241.7555121895266,1188.9399835683753,-2451.2273555654979,3513.5943785623463,1169.1710318577316,0.27937610650064026,429.14159682103354,1.1095813293407983e-06,0,0,0,random
190,-0.017920450870898712,-0.0089793346918077086,0.024948459667639023,-0.0030007419588310934,0.0029394429349632444,-0.0001482513337454037,0.029525347235036508,0.010625341800052949,0.014981007935935466,5.6965547562712362e-08,1509.3897835126229,5.1146729431182795e-05,0,0,0,random
191,0.19869665366280975,-0.91594577157171564,-0.29414482451281321,-0.37555441550193519,-0.46217845602033314,0.66617244613556925,0.090607526295258145,-0.44068359242792948,0.2634818023575235,0.0096514371650719272,412.2213735551727,3.1778053050296546e-06,0,0,0,random
192,-0.023299512952607657,-0.0327959340154746,0.027935433746840835,0.0052524401887056793,-0.0033910168737220636,-0.026676355972166006,-0.014411933499704457,0.021937380745470966,0.026690529826329728,0.00025720883497909079,1.5257753267294143,9.8187619496586191e-05,0,0,0,random
193,-0.082869693710683728,0.0039591110284805916,-0.012565201863927088,-0.0031527546704647864,0.10268306777708595,0.064513174502065881,-0.046664422737390771,0.098429125121994074,-0.019813374066402215,8.4131729789931887e-06,1231.4043339524953,7.0258825448298138e-06,-1.0626267454172884,1.1846203797087602,-0.17058610917403397,random
194,-2189.7059401446204,-1102.2048340731646,-355.84403182510579,-3512.7813232074432,1872.9824358924498,1488.354176301779,-7452.5483162122973,-3084.0366301511363,316.72350425217064,4.5146546470202389e-07,3.3651296498024239,2.8552561674006757e-06,0,0,0,random
195,10602.4696556413,8287.465845784398,-3518.4739379310845,-9466.2737392943345,-7819.5377042690634,7315.8962558885214,1217.4288275498463,12381.691429881672,-2782.9319513722371,0.00015387450135687645,1470.2620464193355,1.7330018411189821e-05,0,0,0,random
196,0.032714864946528976,17.258743709903012,17.124842331047226,-10.682123151272782,-1.6388131147213088,9.7032941917978963,-17.000290754391742,-3.2610792828764956,1.6060982497747833,0.00043465712537905514,29123.813771677782,3.8924070767008527e-05,0.3052872423082521,-0.055425910342750871,0.078917324147670873,random
197,4465.6047791251822,4254.0754511791492,4693.1022428794031,6352.8507418927838,-6856.7803043297818,1637.701989764661,504.69236249691892,3756.211375795147,2391.1755252045991,0.2557271861695441,2365.8677866605103,9.8681148883139869e-06,-0.016963878309048684,-0.051888656904174484,-0.0050591918064007892,random
198,-0.84340629396055178,-9.5010491011315317,2.0142990297081873,-5.3104904558640085,2.4399038710536343,5.3476771195378712,-6.5595996525761837,4.7985049644005624,-1.5964975770930812,0.002474286162423912,8.0865553324065864,1.2381195477627283e-06,-0.085717374923431955,-0.49886577271300742,0.037676276972119983,random
199,-1.8921233075348911,12.577093352529031,2.3708295136720343,-7.6338058279237719,-4.7190254612991396,2.483591487742109,1.3946860758208066,-0.41966195465556216,6.6111487688340311,0.18670429710978667,4.1183682789313698,1.7198181998799634e-05,0,0,0,random
200,0,0,0,0,0,0,0,0,0,1,100,1.0000000000000001e-05,0,0,0,zero_gradient
201,8.120774275747512e-08,-4.7207905616684198e-07,-5.6575453331713811e-07,4.0752215039017191e-07,-1.7334257726780481e-07,-4.3565475635281543e-07,2.2789528132558671e-07,6.4236822850655387e-08,9.2134834510329837e-08,1,100,1.0000000000000001e-05,0,0,0,weak_strain_1e-08
202,0.00027657303609655989,-1.0102245358432447e-05,-0.0002077641879867463,0.00043626746828805883,6.4644840720973415e-05,0.00018451465339558697,-0.00072099433128457668,-0.00012418921327108772,-0.0003412178768175334,1,100,1.0000000000000001e-05,0,0,0,weak_strain_1e-05
203,-0.021210867475088106,0.0097108255164986158,-0.067985470726234357,-0.01596990578804262,0.036101255158674211,0.0014886621015327813,0.019782956868674085,0.051576458595721658,-0.014890387683586106,1,100,1.0000000000000001e-05,0,0,0,weak_strain_0.001
204,0,-69.335084001412952,43.593020719553351,69.335084001412952,0,25.893285790489116,-43.593020719553351,-25.893285790489116,0,1,100,1.0000000000000001e-05,0,0,0,pure_rotation
205,2.2349440830116372,-9.1442797680656742,6.2615592007400318,-9.1442797680656742,8.2026105907569633,7.6817980115952373,6.2615592007400318,7.6817980115952373,-10.437554673768602,1,100,1.0000000000000001e-05,0,0,0,pure_strain
206,0,0,0,29.454760614401458,0,0,0,0,0,1,100,1.0000000000000001e-05,0,0,0,shear_log_layer
207,0,0,0,60.521324569395965,0,0,0,0,0,1,100,1.0000000000000001e-05,0,0,0,shear_hom_shear_outer
208,0,0,0,43.604572592765493,0,0,0,0,0,1,100,1.0000000000000001e-05,0,0,0,shear_hom_shear_inner
209,0,0.60278528362088235,0,0.67000692251490324,0,0,0,0,0,1,100,1.0000000000000001e-05,0,0,0,p2zero_p2pos_IIS0.01
210,0,0.60278528365449302,0,0.67000692248129257,0,0,0,0,0,1,100,1.0000000000000001e-05,0,0,0,p2zero_p2neg_IIS0.01
211,0,2.5715514173382377,0,4.3998186058351134,0,0,0,0,0,1,100,1.0000000000000001e-05,0,0,0,p2zero_p2pos_IIS0.3
212,0,2.5715514182523713,0,4.3998186049209798,0,0,0,0,0,1,100,1.0000000000000001e-05,0,0,0,p2zero_p2neg_IIS0.3
213,0,4.8267469390871982,0,17.218660745961405,0,0,0,0,0,1,100,1.0000000000000001e-05,0,0,0,p2zero_p2pos_IIS3
214,0,4.8267469452831557,0,17.218660739765447,0,0,0,0,0,1,100,1.0000000000000001e-05,0,0,0,p2zero_p2neg_IIS3
215,0,5.8199195702446147,0,63.893780661488897,0,0,0,0,0,1,100,1.0000000000000001e-05,0,0,0,p2zero_p2pos_IIS30
216,0,5.819919599281552,0,63.893780632451964,0,0,0,0,0,1,100,1.0000000000000001e-05,0,0,0,p2zero_p2neg_IIS30
217,0,0.249248350462004,0,220.20482850002404,0,0,0,0,0,1,100,1.0000000000000001e-05,0,0,0,p2zero_p2pos_IIS300
218,0,0.24924846043980686,0,220.2048283900462,0,0,0,0,0,1,100,1.0000000000000001e-05,0,0,0,p2zero_p2neg_IIS300
219,-113.2391464834113,68.531163509579258,136.92442957141648,-278.58190125651856,195.80770831988303,18.398154240861704,-23.499335436233544,-66.562630309388425,-82.56856183647173,1e-10,100000,1.0000000000000001e-05,0,0,0,limiter_0
220,58.678465240787119,77.005850100419522,-322.07588788968769,-325.70029477578407,-174.4990353057959,-127.43378425964704,-127.59942578675241,218.78135622864579,115.82057006500875,1e-10,100000,1.0000000000000001e-05,0,0,0,limiter_1
221,0.051022411293927483,18.270955785790633,22.348249502380376,-9.0803417254557335,-8.8798809797951286,-18.389478868738049,34.770606236508087,2.4156907114779509,8.828858568501202,1e-10,100000,1.0000000000000001e-05,0,0,0,limiter_2
222,0.36911186624697834,-19.112933805911176,3.5273530872611429,37.689697234407568,-73.42649312667578,101.12508418117645,-30.416070549355375,-46.522589509378541,73.057381260428798,1e-10,100000,1.0000000000000001e-05,0,0,0,limiter_3
223,-9.3533842516016215,-18.936176288144633,-0.017410089478220848,-11.590140236584361,1.4488380587677501,-18.139617199045013,49.617500445326115,1.0377840334450488,7.9045461928338732,1e-10,100000,1.0000000000000001e-05,0,0,0,limiter_4
224,3612.9457930890003,15436.428200026689,10308.373286401937,5059.1882301000178,5021.1685887727062,2550.3472968434048,-14126.644457539795,-12852.369863533477,-8634.1143818617074,1,1,1.0000000000000001e-05,0,0,0,large_strain_0
225,4843.1275948890434,5892.5368158741276,3758.6839027903193,-830.83707480470378,9830.5123975540009,-10454.81094382996,801.88510822532294,-6330.5505237904435,-14673.639992443044,1,1,1.0000000000000001e-05,0,0,0,large_strain_1
226,-4326.7599195829644,-772.54884928567526,8003.0747510937708,-19073.337012984091,1815.7622487162391,-1219.3714252670791,-754.1466310618755,-5445.9296011756396,2510.9976708667255,1,1,1.0000000000000001e-05,0,0,0,large_strain_2
227,0,0,0,100,0,0,0,0,0,1,100,1.0000000000000001e-05,0,0,20,rot_channel_pos
228,0,0,0,100,0,0,0,0,0,1,100,1.0000000000000001e-05,0,0,-20,rot_channel_neg
229,22.163738054338623,-61.685587743019987,70.845747089797257,-25.34064957749586,-35.373978205748088,-47.010085894056949,-3.1420839359084214,51.052422310783562,13.210240151409465,1,100,1.0000000000000001e-05,3,-7,11,rot_3d
230,-3.2129620269375243,18.704678241772246,0,0.37428686684711043,3.2129620269375252,0,0,0,0,1,100,1.0000000000000001e-05,0,0,0,plane_0
231,-21.541690769886063,-19.888418800494726,0,17.417936243256644,21.541690769886063,0,0,0,0,1,100,1.0000000000000001e-05,0,0,0,plane_1
232,-55.278057411750623,-16.279406316079221,0,59.768343695166799,55.278057411750623,0,0,0,0,1,100,1.0000000000000001e-05,0,0,0,plane_2
233,7.1701771480921597,-5.2026544948844666,0,-10.049092949316645,-7.1701771480921579,0,0,0,0,1,100,1.0000000000000001e-05,0,0,0,plane_3
234,60,0,0,0,-30,0,0,0,-30,1,100,1.0000000000000001e-05,0,0,0,axisymmetric_strain
